pos	well	seq
1	a1	CAGAGAA
1	a2	CCAGGAA
1	a3	CTCCGAA
1	a4	CGTTGAA
1	a5	CCTACAA
1	a6	CTGTCAA
1	a7	CGCATAA
1	a8	CAAGAGA
1	a9	CTGCAGA
1	a10	CGAACGA
1	a11	CTTGTGA
1	a12	CCGTTGA
1	a13	CGGAACA
1	a14	CCTCACA
1	a15	CACTACA
1	a16	CTAAGCA
1	a17	CGAGTCA
1	a18	CGCGATA
1	a19	CATGGTA
1	a20	CACACTA
1	a21	CTACCTA
1	a22	CTTGAAG
1	a23	CGACAAG
1	a24	CAGTAAG
1	a25	CACGTAG
1	a26	CCTCTAG
1	a27	CACAAGG
1	a28	CAATCGG
1	a29	CCAATGG
1	a30	CTATACG
1	a31	CATAGCG
1	a32	CTGATCG
1	a33	CAACTCG
1	a34	CCGAATG
1	a35	CTCCATG
1	a36	CGTTATG
1	a37	CCATGTG
1	a38	CTTACTG
1	a39	CTAGTTG
1	a40	CTCGCAT
1	a41	CCGCAAT
1	a42	CGCTAAT
1	a43	CATCCAT
1	a44	CCTGAGT
1	a45	CTTCGGT
1	a46	CGATGGT
1	a47	CAGACGT
1	a48	CCTTCTT
1	a49	GACGGAA
1	a50	GCTCGAA
1	a51	GTCACAA
1	a52	GAACCAA
1	a53	GCGATAA
1	a54	GGTGTAA
1	a55	GAGAAGA
1	a56	GTCGAGA
1	a57	GGACAGA
1	a58	GCTTAGA
1	a59	GAATGGA
1	a60	GTTCCGA
1	a61	GCAGTGA
1	a62	GCCAACA
1	a63	GATGACA
1	a64	GTGTACA
1	a65	GGTACCA
1	a66	GTACTCA
1	a67	GCGCATA
1	a68	GTAGGTA
1	a69	GCCTGTA
1	a70	GCAACTA
1	a71	GAGGCTA
1	a72	GACCTTA
1	a73	GAAGAAG
1	a74	GCCTAAG
1	a75	GTGAGAG
1	a76	GATACAG
1	a77	GGATCAG
1	a78	GAGCTAG
1	a79	GATCAGG
1	a80	GTAACGG
1	a81	GGTATGG
1	a82	GACATCG
1	a83	GTTGTCG
1	a84	GCATTCG
1	a85	GGCAATG
1	a86	GTGGATG
1	a87	GCTAGTG
1	a88	GAACGTG
1	a89	GTCTCTG
1	a90	GACCAAT
1	a91	GCATGAT
1	a92	GTCTGGT
1	a93	GCTACGT
1	a94	GAAGCGT
1	a95	GTGCTGT
1	a96	GTAGACT
2	b1	GACCTTA
2	b2	AGAGTGA
2	b3	TGACTCA
2	b4	GCCTGTA
2	b5	GTAGTCA
2	b6	TGGCGAA
2	b7	GCTGCTA
2	b8	ACCAGAA
2	b9	GGTTCAA
2	b10	GGACAGA
2	b11	CATGGTA
2	b12	ACGGAGA
2	b13	CTAACGA
2	b14	TCCGTAA
2	b15	CACTCAA
2	b16	CAGAGAA
2	b17	TGCACTA
2	b18	ATGAGGA
2	b19	ACGCGTA
2	b20	ATCGCCA
2	b21	GTCGAGA
2	b22	TTGACCA
2	b23	TCAAGGA
2	b24	AGTCCTA
2	b25	ATCCTGA
2	b26	AGGACAA
2	b27	CACGTCA
2	b28	GCTTAGA
2	b29	GCCAACA
2	b30	TTCGGTA
2	b31	GAGAAGA
2	b32	CAGTTGA
2	b33	TCAGACA
2	b34	CTTGACA
2	b35	CCGGTTA
2	b36	GATGTGA
2	b37	CTGGCAA
2	b38	GAACCAA
2	b39	CAAGAGA
2	b40	GCTCGAA
2	b41	CGCATAA
2	b42	CGGAACA
2	b43	CCTTGCA
2	b44	CCACATA
2	b45	CAACGCA
2	b46	CCAATCA
2	b47	CGTAGGA
2	b48	TGTGAGA
2	b49	ACTGGTT
2	b50	AAGCGAT
2	b51	GGCCATT
2	b52	AACGAGT
2	b53	ACCATCT
2	b54	CATTGGT
2	b55	GAGTCAT
2	b56	CGCTAAT
2	b57	ATCCACT
2	b58	GATCAGT
2	b59	AGAGACT
2	b60	GCACAAT
2	b61	GTGTAGT
2	b62	AGCTCGT
2	b63	AGGCAGT
2	b64	CAAGCAT
2	b65	TCCACAT
2	b66	TAGAGGT
2	b67	GTCAGGT
2	b68	CGAGGTT
2	b69	AGTCGCT
2	b70	GAGGACT
2	b71	TGCAACT
2	b72	GTAACCT
2	b73	ATCGGAT
2	b74	TAACCGT
2	b75	CCTGAAT
2	b76	CACCTGT
2	b77	CCGTGAT
2	b78	GGTAGTT
2	b79	CGTATCT
2	b80	GTTGCAT
2	b81	AAGACCT
2	b82	TGGTCTT
2	b83	TACCGTT
2	b84	TCTGCCT
2	b85	CCGAAGT
2	b86	CTCGCTT
2	b87	AGGTTCT
2	b88	TCTCGGT
2	b89	GGCGTAT
2	b90	AGAAGGT
2	b91	ACGGCAT
2	b92	CTGAGCT
2	b93	ATGGTGT
2	b94	CGATCCT
2	b95	CCAACTT
2	b96	GTGCTCT
3	c1	GTGTGAA
3	c2	TTGGTGA
3	c3	GTCACAA
3	c4	GCGATAA
3	c5	TACAGCA
3	c6	TAGGCAA
3	c7	AACGTGA
3	c8	GGTTCAA
3	c9	GAGAAGA
3	c10	CGCGATA
3	c11	AAGTCGA
3	c12	CCAGCTA
3	c13	CCGAATA
3	c14	TCAGGAA
3	c15	GACGGAA
3	c16	CACACGA
3	c17	ATGAGGA
3	c18	CTGCAGA
3	c19	ACCAGAA
3	c20	ATAGCGA
3	c21	GTGGCTA
3	c22	GGACAGA
3	c23	CGTAGCA
3	c24	GAGCGTA
3	c25	CGTCCTA
3	c26	CCTACAA
3	c27	TCCATGA
3	c28	TGGAACA
3	c29	ACAACCA
3	c30	CCATTCA
3	c31	CAGAGAA
3	c32	TGGTCTA
3	c33	AGAGACA
3	c34	TCACACA
3	c35	CACTACA
3	c36	GGTGTTA
3	c37	GGCTTGA
3	c38	GAATGGA
3	c39	GTAGGCA
3	c40	TCTCCGA
3	c41	AGCTCCA
3	c42	CCTGACA
3	c43	GGAAGAA
3	c44	ATCCGCA
3	c45	GCCTGTA
3	c46	TGGCGAA
3	c47	GCAGTGA
3	c48	GAACCAA
3	c49	TAGGAGT
3	c50	CTGGACT
3	c51	GTTCGCT
3	c52	TTGCCTT
3	c53	ATCACCT
3	c54	AATGCCT
3	c55	GGAATGT
3	c56	GCGGATT
3	c57	CTGTGGT
3	c58	CGATCCT
3	c59	TAAGGCT
3	c60	GCCACTT
3	c61	GGCCATT
3	c62	ACGAGTT
3	c63	CGAGGTT
3	c64	TTCTGCT
3	c65	CAGGCTT
3	c66	TCCGGTT
3	c67	ATGGCAT
3	c68	TGCGTGT
3	c69	GCGTTGT
3	c70	GGTGAAT
3	c71	GAGAGCT
3	c72	ACTCTGT
3	c73	GATCCTT
3	c74	AGCCGAT
3	c75	ACCGACT
3	c76	AACAGGT
3	c77	AGGATCT
3	c78	GCACGTT
3	c79	GAGCAAT
3	c80	GGTACCT
3	c81	CTAGTGT
3	c82	TCAGCGT
3	c83	TGGAGGT
3	c84	CGCTAGT
3	c85	CTGCTAT
3	c86	TCGACAT
3	c87	AGGCAGT
3	c88	ACATGGT
3	c89	ACGTCCT
3	c90	CAGTTCT
3	c91	CAACGGT
3	c92	CGCACAT
3	c93	GGTTGGT
3	c94	CCAGAAT
3	c95	CTTCCGT
3	c96	GCATACT